{"cameraMode":{"drawMode":0,"name":"Shaded","section":"Shading Mode"},"sceneLighting":false,"audioPlay":false,"sceneViewState":{"m_AlwaysRefresh":false,"showFog":true,"showSkybox":true,"showFlares":true,"showImageEffects":true,"showParticleSystems":true,"showVisualEffectGraphs":true,"m_FxEnabled":true},"in2DMode":false,"pivot":{"x":2.8880209922790529,"y":0.950658917427063,"z":0.47994160652160647},"rotation":{"x":0.31607097387313845,"y":-0.46313679218292239,"z":0.1811799257993698,"w":0.8079482913017273},"size":3.4071059226989748,"orthographic":false}